CN Employer,Empresa Credinómina
CN Paying Employer,Empresa Beneficiaria Autorizada
CN Bank Account,Cuenta Bancaria Credinómina
CN Client,Cliente Credinómina
CN Client Alias,Nombre Alternativo del Cliente
Conciliacion Credinomina,Conciliación Credinómina
CN Reconciliation Period,Período de Conciliación
CN Collection Row,Detalle de Cobranza
CN Accounting Import,Importación de Movimientos Contables
CN Source Row,Detalle de Fuente
CN Complementary Item,Partida Complementaria
CN Remittance Allocation,Distribución de Depósito
CN Remittance Target,Destino de Depósito
CN Remittance Detail,Detalle de Pago por Cliente
CN Reconciliation Exception,Excepción de Conciliación
Antiguedad de Saldos,Antigüedad de Saldos
